date,open,high,low,close,volume_btc,sma20,sma50,sma200,ema12,ema26,rsi14,macd,macd_signal,macd_hist,bb_mid,bb_upper,bb_lower,bb_pctb,bb_width,obv
2010-07-31,0.08584,0.08584,0.050541,0.067546,0.0,,,,0.067546,0.067546,,0.0,0.0,0.0,,,,,,0.0
2010-08-31,0.0611,0.0704,0.057016,0.06,0.0,,,,0.066385,0.066987,0.0,-0.000602,-0.00012,-0.000482,,,,,,0.0
2010-09-30,0.062025,0.063621,0.060001,0.0619,0.0,,,,0.065695,0.06661,1.900088,-0.000915,-0.000279,-0.000636,,,,,,0.0
2010-10-31,0.061973,0.197611,0.061065,0.1925,0.0,,,,0.085203,0.075935,59.235888,0.009268,0.00163,0.007638,,,,,,0.0
2010-11-30,0.194525,0.400982,0.1931,0.2082,0.0,,,,0.104126,0.085733,62.10336,0.018393,0.004983,0.013411,,,,,,0.0
2010-12-31,0.2275,0.3,0.199992,0.3,0.0,,,,0.13426,0.101604,73.736584,0.032656,0.010517,0.022139,,,,,,0.0
2011-01-31,0.3,0.525137,0.295,0.525137,0.0,,,,0.194395,0.132977,85.495851,0.061418,0.020698,0.040721,,,,,,0.0
2011-02-28,0.70751,1.078703,0.693898,0.860221,0.0,,,,0.29683,0.186847,91.555884,0.109983,0.038555,0.071428,,,,,,0.0
2011-03-31,0.921097,0.9399,0.7415,0.78461,0.0,,,,0.371873,0.231126,83.116946,0.140747,0.058993,0.081754,,,,,,0.0
2011-04-30,0.77411,3.5,0.68,3.5,0.0,,,,0.853123,0.473265,96.301461,0.379859,0.123166,0.256692,,,,,,0.0
2011-05-31,3.094228,8.782155,3.094228,8.721576,0.0,,,,2.063655,1.084251,98.586841,0.979404,0.294414,0.68499,,,,,,0.0
2011-06-30,9.623777,29.029921,9.623777,16.185263,0.0,,,,4.23621,2.202844,99.275743,2.033366,0.642204,1.391161,,,,,,0.0
2011-07-31,15.420357,15.457551,12.964818,13.372906,0.0,,,,5.641855,3.030256,82.88042,2.611599,1.036083,1.575516,,,,,,0.0
2011-08-31,13.019114,13.019114,6.96417,8.0,7.072581,,,,6.004647,3.398385,61.861123,2.606262,1.350119,1.256143,,,,,,-7.072581
2011-09-30,8.0,8.89,4.8,4.82,1123.111541,,,,5.822393,3.50369,53.252925,2.318703,1.543836,0.774868,,,,,,-1130.184122
2011-10-31,4.82,6.25,2.22,3.3,2084.97363,,,,5.434333,3.488602,49.693383,1.945731,1.624215,0.321516,,,,,,-3215.157752
2011-11-30,3.32,15.0,2.25,3.19,2315.574391,,,,5.089051,3.466483,49.435854,1.622568,1.623885,-0.001318,,,,,,-5530.732143
2011-12-31,3.46,4.75,2.82,4.58,2544.423685,,,,5.010735,3.548966,52.766904,1.461769,1.591462,-0.129693,,,,,,-2986.308458
2012-01-31,4.58,7.38,3.8,5.3,2019.920436,,,,5.055238,3.678672,54.441129,1.376565,1.548483,-0.171917,,,,,,-966.388022
2012-02-29,5.53,6.5,4.14,4.99,4797.173841,3.950993,,,5.045201,3.775808,53.560833,1.269393,1.492665,-0.223271,3.950993,12.906272,-5.004286,0.558011,4.533179,-5763.561863
2012-03-31,4.99,5.44,4.54,4.9,9012.290258,4.192616,,,5.022862,3.859081,53.291416,1.163781,1.426888,-0.263107,4.192616,12.974835,-4.589604,0.540274,4.189375,-14775.852121
2012-04-30,4.89,5.43,4.69,5.0,16479.774037,4.439616,,,5.019345,3.943594,53.57087,1.075752,1.356661,-0.280909,4.439616,13.018544,-4.139313,0.532661,3.864717,1703.921916
2012-05-31,4.94,5.17,4.86,5.17,18860.173151,4.695021,,,5.042523,4.034439,54.073914,1.008084,1.286946,-0.278861,4.695021,13.038336,-3.648294,0.528465,3.554112,20564.095067
2012-06-30,5.17,6.69,5.14,6.61,63386.900229,5.015896,,,5.283673,4.225221,58.204773,1.058452,1.241247,-0.182795,5.015896,13.132419,-3.100628,0.598201,3.236321,83950.995296
2012-07-31,6.6,9.28,6.36,9.28,50704.100829,5.469486,,,5.898493,4.599649,64.568406,1.298844,1.252766,0.046077,5.469486,13.473779,-2.534807,0.738029,2.926891,134655.096125
2012-08-31,9.28,16.41,7.1,10.16,83271.786629,5.962486,,,6.554109,5.011527,66.385038,1.542582,1.310729,0.231853,5.962486,13.846138,-1.921167,0.766216,2.644418,217926.882754
2012-09-30,10.2,12.66,9.49,12.22,55624.064652,6.547229,,,7.425785,5.545488,70.232608,1.880297,1.424643,0.455654,6.547229,14.465728,-1.37127,0.858197,2.418886,273550.947406
2012-10-31,12.21,12.99,9.5,11.0,83766.931406,7.054218,,,7.975664,5.949526,65.454349,2.026138,1.544942,0.481196,7.054218,14.746519,-0.638083,0.756476,2.180908,189784.015999
2012-11-30,11.0,12.74,10.25,12.43,88482.190488,7.636487,,,8.660946,6.429561,68.186491,2.231386,1.682231,0.549155,7.636487,15.101978,0.170996,0.821045,1.955216,278266.206488
2012-12-31,12.39,13.94,12.24,13.24,91543.250004,8.123487,,,9.365416,6.934038,69.650666,2.431378,1.83206,0.599318,8.123487,15.715763,0.531212,0.836955,1.869216,369809.456491
2013-01-31,13.24,21.0,12.77,20.46,124203.114581,8.710408,,,11.072275,7.935961,78.950272,3.136314,2.092911,1.043403,8.710408,18.017992,-0.597175,1.131184,2.137118,494012.571072
2013-02-28,20.3,34.42,19.5,33.53,124965.236962,9.577645,,,14.52731,9.831816,86.822203,4.695494,2.613428,2.082066,9.577645,23.565156,-4.409865,1.356205,2.920866,618977.808035
2013-03-31,33.53,97.0,33.0,96.15,177218.417693,13.7165,,,27.084647,16.225755,95.501774,10.858892,4.26252,6.596371,13.7165,54.005502,-26.572502,1.523027,5.874531,796196.225728
2013-04-30,95.5,259.34,45.0,139.88,439632.28455,20.3105,,,44.437778,25.385329,96.991844,19.052449,7.220506,11.831943,20.3105,88.326604,-47.705604,1.378979,6.69763,1235828.510278
2013-05-31,139.87,140.3,81.5,127.91,299189.382893,26.465,,,57.279658,32.979749,88.363313,24.299909,10.636387,13.663523,26.465,108.576012,-55.646012,1.117731,6.205253,936639.127385
2013-06-30,127.76,128.86,86.2,89.53,249642.463846,30.7765,,,62.241249,37.168657,67.598273,25.072593,13.523628,11.548965,30.7765,116.543496,-54.990496,0.842518,5.573538,686996.663539
2013-07-31,89.41,101.0,63.0,98.28,420190.640157,35.531,,,67.785673,41.695423,69.365758,26.09025,16.036952,10.053297,35.531,125.111679,-54.049679,0.850237,5.042396,1107187.303696
2013-08-31,97.77,134.95,90.0,128.0,332911.917646,41.702,,,77.049415,48.088354,74.461509,28.961061,18.621774,10.339287,41.702,138.60857,-55.20457,0.945264,4.647574,1440099.221342
2013-09-30,127.9,132.09,115.0,126.25,318194.963513,47.7495,,,84.618736,53.878106,73.684278,30.74063,21.045545,9.695085,47.7495,149.775213,-54.276213,0.884709,4.273373,1121904.257829
2013-10-31,126.25,206.6,85.0,203.54,626596.919998,57.677,,,102.914315,64.964172,82.414733,37.950143,24.426465,13.523678,57.677,178.10742,-62.75342,1.10559,4.176029,1748501.177827
2013-11-30,203.54,1163.0,200.23,1119.52,965986.913586,113.408,,,259.31519,143.079419,96.640299,116.235771,42.788326,73.447445,113.408,589.87913,-363.06313,1.555795,8.402778,2714488.091414
2013-12-31,1119.52,1153.27,382.21,732.0,952410.661998,149.758,,,332.03593,186.703165,70.614359,145.332764,63.297214,82.035551,149.758,693.743479,-394.227479,1.035163,7.26486,1762077.429415
2014-01-31,732.0,995.0,725.0,803.0,443963.841848,189.6495,,,404.491941,232.354783,72.097039,172.137158,85.065203,87.071955,189.6495,798.516282,-419.217282,1.003682,6.420969,2206041.271263
2014-02-28,803.0,827.38,400.0,551.89,825856.765555,216.9135,,,427.168565,256.024058,60.475087,171.144507,102.281063,68.863444,216.9135,839.238495,-405.411495,0.769133,5.738002,1380184.505708
2014-03-31,551.8,710.0,436.0,454.83,493562.489077,239.191,,,431.42417,270.750424,56.672371,160.673746,113.9596,46.714146,239.191,862.088881,-383.706881,0.673093,5.208372,886622.016631
2014-04-30,454.81,548.0,339.79,448.85,515924.526391,261.1255,,,434.105067,283.942985,56.436906,150.162082,121.200096,28.961986,261.1255,881.107451,-358.856451,0.651395,4.748536,370697.49024
2014-05-31,449.0,629.4,420.27,627.8,301545.594846,291.9045,,,463.904288,309.413875,61.581075,154.490412,127.85816,26.632253,291.9045,920.464347,-336.655347,0.767195,4.306613,672243.085087
2014-06-30,627.8,683.26,538.38,641.11,289718.28642,323.41,,,491.166705,333.983959,61.94106,157.182746,133.723077,23.459669,323.41,955.647711,-308.827711,0.75125,3.909822,961961.371506
2014-07-31,640.0,658.88,555.9,582.04,160537.087721,351.8905,,,505.147212,352.35848,59.286056,152.788732,137.536208,15.252524,351.8905,976.803415,-273.022415,0.684145,3.551746,801424.283786
2014-08-31,583.54,607.2,442.0,479.04,315108.531778,375.1805,153.452797,,501.130718,361.742297,54.869606,139.388421,137.906651,1.481771,375.1805,982.340299,-231.979299,0.585529,3.236628,486315.752008
2014-09-30,479.01,497.0,365.2,391.09,345105.080403,393.712,161.273246,,484.201377,363.9162,51.351891,120.285176,134.382356,-14.09718,393.712,978.65187,-191.22787,0.497759,2.97141,141210.671606
2014-10-31,389.56,417.99,275.0,337.99,597430.492003,408.935,168.031846,,461.707319,361.995741,49.296983,99.711577,127.4482,-27.736623,408.935,970.987014,-153.117014,0.436888,2.748857,-456219.820398
2014-11-30,337.99,453.92,316.61,377.01,439578.537226,422.978,175.570808,,448.676962,363.107908,50.853334,85.569053,119.072371,-33.503317,422.978,966.807562,-120.851562,0.457737,2.571432,-16641.283171
2014-12-31,376.09,383.0,304.99,321.0,295853.010172,432.034,181.986958,,429.034352,359.988804,48.549651,69.045548,109.067006,-40.021458,432.034,962.574814,-98.506814,0.395358,2.456014,-312494.293344
2015-01-31,321.0,321.0,152.4,216.9,786634.754729,436.4835,186.320794,,396.398298,349.389633,44.513521,47.008665,96.655338,-49.646673,436.4835,958.165979,-85.198979,0.289543,2.390388,-1099129.048072
2015-02-28,218.04,267.92,208.48,253.47,343817.575247,444.6805,191.384194,,374.409329,342.284475,46.205428,32.124854,83.749241,-51.624387,444.6805,949.167653,-59.806653,0.31049,2.268987,-755311.472825
2015-03-31,253.45,297.95,236.4,244.24,298015.099718,451.9785,196.258492,,354.383279,335.021922,45.825624,19.361357,70.871664,-51.510307,451.9785,940.16992,-36.21292,0.287237,2.160242,-1053326.572543
2015-04-30,243.93,262.98,210.0,236.2,256103.509461,457.3885,200.965287,,336.201236,327.701779,45.474971,8.499456,58.397223,-49.897766,457.3885,933.343801,-18.566801,0.267637,2.081186,-1309430.082004
2015-05-31,236.47,247.01,227.01,228.91,199647.337495,462.5215,205.527795,,319.694892,320.38387,45.137711,-0.688978,46.579983,-47.268961,462.5215,926.135565,-1.092565,0.248054,2.004724,-1509077.419499
2015-06-30,228.91,268.0,219.03,262.5,232996.345202,465.4695,210.707795,,310.895678,316.096176,47.085034,-5.200498,36.223886,-41.424384,465.4695,923.171013,7.767987,0.278273,1.966623,-1276081.074297
2015-07-31,262.58,317.99,252.4,284.33,396862.765382,423.71,216.219963,,306.80865,313.743126,48.367702,-6.934475,27.592214,-34.526689,423.71,775.16575,72.25425,0.30171,1.658945,-879218.308915
2015-08-31,284.69,285.88,198.12,229.86,418868.939371,398.603,220.493458,,294.970396,307.529561,45.409866,-12.559164,19.561938,-32.121103,398.603,729.520993,67.685007,0.245038,1.660389,-1298087.248286
2015-09-30,230.25,246.24,223.0,236.2,569532.576454,370.263,224.95,,285.928797,302.24589,45.825138,-16.317093,12.386132,-28.703225,370.263,651.086175,89.439825,0.261304,1.516885,-728554.671832
2015-10-31,235.87,334.67,235.0,310.18,716414.503245,358.1775,230.9936,,289.659751,302.833602,50.552043,-13.17385,7.274136,-20.447986,358.1775,627.253211,89.101789,0.41081,1.502471,-12140.168587
2015-11-30,310.9,502.0,294.0,376.71,887623.846327,354.2715,238.4314,,303.052097,308.305927,54.404919,-5.25383,4.768543,-10.022373,354.2715,619.867171,88.675829,0.542242,1.499391,875483.67774
2015-12-31,376.7,467.8,348.64,430.89,418827.195564,353.3735,246.9832,,322.719467,317.386229,57.321361,5.333238,4.881482,0.451756,353.3735,617.802877,88.944123,0.646573,1.4966,1294310.873304
2016-01-31,430.89,465.0,352.0,368.49,289462.536061,340.408,254.2892,,329.761087,321.171694,53.108028,8.589394,5.623064,2.96633,340.408,573.290373,107.525627,0.560292,1.368254,1004848.337243
2016-02-29,368.49,447.99,365.0,435.23,216410.798748,330.114,262.9022,,345.987074,329.620457,56.76818,16.366617,7.771775,8.594842,330.114,523.825739,136.402261,0.771321,1.173605,1221259.135991
2016-03-31,436.75,437.5,382.0,414.66,156279.189386,321.745,271.0894,,356.552139,335.919682,55.334573,20.632457,10.343911,10.288546,321.745,482.929181,160.560819,0.788226,1.001937,1064979.946604
2016-04-30,414.66,470.02,412.0,448.37,121556.103245,320.2115,279.957,,370.677964,344.249336,57.240334,26.428629,13.560855,12.867774,320.2115,475.869357,164.553643,0.911667,0.972219,1186536.04985
2016-05-31,448.43,548.5,435.0,531.84,137084.988862,327.249,290.4958,,395.472124,358.14494,61.608403,37.327183,18.31412,19.013063,327.249,506.08925,148.40875,1.071994,1.092992,1323621.038712
2016-06-30,532.37,778.85,525.49,667.95,285637.283324,343.747,303.7548,,437.391797,381.093463,67.447934,56.298334,25.910963,30.387371,343.747,576.314107,111.179893,1.19701,1.35313,1609258.322035
2016-07-31,666.33,704.99,605.5,623.83,118854.500622,356.088,316.128,,466.074597,399.073947,64.047204,67.00065,34.1289,32.871749,356.088,618.664218,93.511782,1.009837,1.474783,1490403.821413
2016-08-31,622.5,630.0,465.28,570.75,147410.381067,368.5755,327.4108,,482.178505,411.790692,60.119838,70.387813,41.380683,29.00713,368.5755,646.590321,90.560679,0.863604,1.508591,1342993.440346
2016-09-30,570.75,628.99,566.86,608.23,91453.301778,388.142,339.3898,,501.571043,426.341752,61.896557,75.229291,48.150405,27.078887,388.142,675.625241,100.658759,0.882784,1.48133,1434446.742124
2016-10-31,608.23,717.99,604.99,697.01,101108.018095,410.319,353.1268,,531.638575,446.391252,65.785024,85.247323,55.569788,29.677535,410.319,720.370472,100.267528,0.962328,1.51127,1535554.760219
2016-11-30,697.04,755.07,670.32,742.06,154318.609166,435.21,367.7236,,564.011102,468.292641,67.592309,95.718461,63.599523,32.118938,435.21,767.094979,103.325021,0.962284,1.525172,1689873.369385
2016-12-31,742.06,980.74,740.18,966.3,172682.268828,471.715,386.8296,,625.901702,505.182075,74.743604,120.719627,75.023544,45.696083,471.715,863.260017,80.169983,1.131581,1.660091,1862555.638213
2017-01-31,966.34,1139.89,751.34,963.99,335463.161068,508.469,405.8608,,677.915286,539.167847,74.561075,138.747439,87.768323,50.979116,508.469,938.096927,78.841073,1.030134,1.689888,1527092.477145
2017-02-28,963.99,1220.0,913.73,1191.21,209670.210028,554.9045,429.4202,,756.883703,587.467266,79.789344,169.416438,104.097946,65.318492,554.9045,1061.937081,47.871919,1.12748,1.827459,1736762.687173
2017-03-31,1191.16,1350.0,891.33,1070.31,321960.895722,594.2035,450.4172,,805.103134,623.233394,71.382805,181.86974,119.652305,62.217435,594.2035,1132.154098,56.252902,0.942519,1.810661,1414801.791451
2017-04-30,1071.34,1356.0,1061.64,1350.21,162542.293645,650.221,476.7508,,888.965729,677.083513,77.336218,211.882216,138.098287,73.783929,650.221,1254.041282,46.400718,1.079634,1.857277,1577344.085096
2017-05-31,1348.88,2760.1,1341.22,2298.01,464388.617314,753.3115,520.788,,1105.74177,797.152142,87.112915,308.589629,172.196555,136.393073,753.3115,1664.819793,-158.196793,1.347331,2.420004,2041732.70241
2017-06-30,2298.01,2980.0,2120.0,2465.49,447661.525548,861.077,567.3002,,1314.933806,920.732724,88.090561,394.201082,216.59746,177.603621,861.077,2014.953811,-292.799811,1.195227,2.680078,2489394.227958
2017-07-31,2465.48,2938.0,1830.0,2855.81,442360.825189,985.032,621.8582,,1551.991682,1064.071781,89.995442,487.9199,270.861948,217.057952,985.032,2405.891598,-435.827598,1.158326,2.8849,2931755.053147
2017-08-31,2855.81,4765.21,2615.0,4734.26,375447.365668,1200.2005,714.7528,,2041.571423,1335.937575,94.529956,705.633848,357.816328,347.817519,1200.2005,3341.13009,-940.72909,1.325356,3.56762,3307202.418815
2017-09-30,4734.26,4979.9,2972.01,4326.09,517529.317475,1398.0805,799.309,,2393.035819,1557.430347,85.465348,835.605472,453.374157,382.231315,1398.0805,3896.648509,-1100.487509,1.085938,3.574283,2789673.10134
2017-10-31,4326.09,6449.78,4137.96,6434.21,373570.109983,1698.0295,925.4332,,3014.754924,1918.673285,90.521029,1096.081639,581.915654,514.165986,1698.0295,4979.807728,-1583.748728,1.221588,3.865396,3163243.211324
2017-11-30,6434.24,11395.0,5555.55,9947.67,486006.569143,2174.68,1121.8616,,4081.357243,2513.413782,94.164305,1567.943461,779.121215,788.822246,2174.68,6985.417133,-2636.057133,1.307879,4.424317,3649249.780467
2017-12-31,9927.29,19666.0,9370.11,13880.0,562151.768546,2846.2615,1395.3908,,5588.840744,3355.383132,96.01187,2233.457613,1069.988495,1163.469118,2846.2615,9784.991855,-4092.468855,1.295083,4.87568,4211401.549013
2018-01-31,13880.0,17234.99,9222.0,10149.0,465109.102368,3327.1195,1575.9804,,6290.403707,3858.614011,72.544205,2431.789696,1342.348735,1089.440961,3327.1195,10864.743118,-4210.504118,0.952522,4.531021,3746292.446645
2018-02-28,10148.99,11780.0,5920.72,10314.9,579571.229446,3809.467,1767.6384,,6909.556983,4336.857417,72.861842,2572.699565,1588.418901,984.280664,3809.467,11824.247855,-4205.313855,0.90584,4.207823,4325863.676091
2018-03-31,10314.99,11688.0,6550.0,6928.62,477982.469528,4124.7065,1890.1508,,6912.489755,4528.839831,58.089322,2383.649924,1747.465106,636.184818,4124.7065,12109.40279,-3859.98979,0.67558,3.871643,3847881.206563
2018-04-30,6926.5,9755.53,6427.16,9242.17,382811.764112,4558.2775,2063.9564,,7270.9021,4877.975399,63.529759,2392.926701,1876.557425,516.369276,4558.2775,12664.756685,-3548.201685,0.788898,3.556817,4230692.970675
2018-05-31,9243.51,9948.98,7026.9,7492.28,315321.984573,4902.48,2204.7054,,7304.960239,5071.627592,57.454691,2233.332647,1947.912469,285.420178,4902.48,12892.611564,-3087.651564,0.662062,3.259628,3915370.986102
2018-06-30,7492.28,7790.69,5774.72,6385.71,244694.832988,5186.915,2323.4426,,7163.537125,5168.967029,53.941895,1994.570096,1957.243994,37.326101,5186.915,12960.034579,-2586.204579,0.577112,2.997203,3670676.153114
2018-07-31,6385.75,8496.96,6072.0,7725.43,243006.752409,5536.0835,2465.3952,,7249.982183,5358.334657,57.342402,1891.647526,1944.124701,-52.477175,5536.0835,13103.855822,-2031.688822,0.644649,2.733981,3913682.905523
2018-08-31,7726.85,7761.56,5880.0,7017.35,239931.276516,5838.636,2592.92,,7214.192616,5481.224682,55.029864,1732.967934,1901.893347,-168.925413,5838.636,13130.225107,-1452.953107,0.580827,2.497703,3673751.629008
2018-09-30,7015.78,7411.85,6094.38,6597.81,162012.535221,6120.327,2713.2354,,7119.364521,5563.934706,53.649311,1555.429816,1832.600641,-277.170825,6120.327,13063.864047,-823.210047,0.534383,2.269009,3511739.093786
2018-10-31,6597.79,6756.0,6055.28,6303.27,117891.492409,6375.93,2829.72,,6993.811518,5618.700283,52.650659,1375.111235,1741.10276,-365.991525,6375.93,12940.899909,-189.039909,0.494466,2.059298,3393847.601377
2018-11-30,6304.5,6544.0,3474.73,3971.06,344685.170048,6520.9675,2901.3194,,6528.772823,5496.652855,45.438262,1032.119968,1599.306201,-567.186233,6520.9675,12729.143208,312.791792,0.294633,1.904066,3049162.43133
2018-12-31,3970.56,4265.0,3122.28,3693.3,359308.399957,6638.122,2968.4256,,6092.546235,5363.071162,44.653713,729.475073,1425.339976,-695.864903,6638.122,12532.045904,744.198096,0.250182,1.775781,2689854.031373
2019-01-31,3693.85,4112.0,3322.19,3413.11,206445.3634,6693.877,3029.1476,,5680.325276,5218.629594,43.83156,461.695681,1232.611117,-770.915436,6693.877,12441.80972,945.94428,0.214613,1.71737,2483408.667973
2019-02-28,3413.69,4190.0,3328.7,3791.36,203472.219515,6760.1705,3098.5548,,5389.715233,5112.905921,45.295848,276.809313,1041.450756,-764.641443,6760.1705,12339.61679,1180.72421,0.233951,1.650682,2686880.887488
2019-03-31,3791.02,4130.36,3670.0,4096.08,163724.462587,6822.184,3176.1384,,5190.694428,5037.585482,46.505745,153.108946,863.782394,-710.673448,6822.184,12252.239954,1392.128046,0.24898,1.591882,2850605.350076
2019-04-30,4092.02,5627.0,4052.56,5269.0,294950.48011,6848.921,3276.449,,5202.741439,5054.727298,50.998278,148.014141,720.628743,-572.614602,6848.921,12242.735882,1455.106118,0.353543,1.575085,3145555.830186
2019-05-31,5267.86,9096.79,5263.03,8547.2,370222.030697,7059.9765,3442.5082,,5717.273525,5313.42898,60.885488,403.844546,657.271904,-253.427358,7059.9765,12372.128262,1747.824738,0.639983,1.504864,3515777.860883
2019-06-30,8545.8,13880.0,7432.84,10760.1,335853.843586,7276.271,3652.9862,,6493.092983,5716.886092,65.88893,776.206891,681.058901,95.147989,7276.271,12816.279045,1736.262955,0.814425,1.52276,3851631.704468
2019-07-31,10759.24,13200.0,9049.54,10085.34,369569.787227,7283.1545,3850.1148,,7045.74637,6040.475271,63.232822,1005.2711,745.901341,259.369759,7283.1545,12836.747825,1729.561175,0.752286,1.525052,3482061.917241
2019-08-31,10096.01,12325.0,9320.0,9594.15,249467.42825,7068.862,4036.7478,,7437.808467,6303.710436,61.295738,1134.098031,823.540679,310.557352,7068.862,11867.109559,2270.614441,0.763147,1.357573,3232594.488992
2019-09-30,9593.5,10949.0,7714.7,8298.45,212650.567209,6976.3345,4197.0302,,7570.214857,6451.468922,56.388512,1118.745935,882.58173,236.164205,6976.3345,11601.684389,2350.984611,0.642921,1.326012,3019943.921782
2019-10-31,8304.47,10350.0,7293.55,9150.07,273236.870619,6918.093,4375.4344,,7813.269494,6651.365298,58.72732,1161.904196,938.446223,223.457973,6918.093,11400.962014,2435.223986,0.748945,1.295984,3293180.792402
2019-11-30,9158.08,9586.5,6515.0,7550.67,186160.33899,6949.1955,4521.7238,,7772.869572,6717.980461,52.980762,1054.889111,961.734801,93.15431,6949.1955,11440.548715,2457.842285,0.566959,1.292625,3107020.453412
2019-12-31,7560.2,7772.71,6425.0,7168.36,128846.736338,6845.505,4658.8874,,7679.868099,6751.341909,51.67902,928.526191,955.093079,-26.566888,6845.505,11214.407268,2476.602732,0.536949,1.27643,2978173.717074
2020-01-31,7160.69,9570.0,6853.53,9327.85,202673.22102,6937.2835,4837.9102,,7933.403776,6942.19436,57.962044,991.209417,962.316346,28.89307,6937.2835,11431.986784,2442.580216,0.765932,1.295811,3180846.938094
2020-02-29,9339.26,10500.5,8421.49,8527.74,170506.750166,7044.385,4999.8472,,8024.840119,7059.642185,55.103184,965.197933,962.892664,2.30527,7044.385,11583.276759,2505.493241,0.663405,1.288655,3010340.187928
2020-03-31,8525.0,9219.13,3850.0,6421.14,481768.078148,6979.1705,5120.9002,,7778.117023,7012.345727,48.342436,765.771296,923.46839,-157.697094,6979.1705,11514.525953,2443.815047,0.43848,1.299683,2528572.10978
2020-04-30,6428.74,9485.26,6137.71,8627.32,292048.026008,7059.669,5284.742,,7908.763635,7131.973451,54.621714,776.790184,894.132749,-117.342565,7059.669,11651.674757,2467.663243,0.670693,1.300912,2820620.135788
2020-05-31,8629.72,10074.0,8109.0,9446.19,388441.178283,7202.088,5465.3726,,8145.290768,7303.396899,56.724414,841.893869,883.684973,-41.791104,7202.088,11903.345059,2500.830941,0.73867,1.305526,3209061.31407
2020-06-30,9444.61,10429.26,8830.63,9132.96,209683.156377,7343.5725,5639.0644,,8297.239881,7438.920092,55.661934,858.319789,878.611936,-20.292147,7343.5725,12098.130845,2589.014155,0.688176,1.29489,2999378.157693
2020-07-31,9136.89,11457.95,8905.0,11356.74,197359.837518,7712.8565,5855.5624,,8767.932207,7729.128974,61.216061,1038.803233,910.650196,128.153037,7712.8565,12509.384091,2916.328909,0.879846,1.243775,3196737.995211
2020-08-31,11357.98,12473.0,10559.59,11655.0,194201.641404,8110.9415,6075.3034,,9212.096483,8019.934235,61.905334,1192.162248,966.952606,225.209642,8110.9415,12827.881445,3394.001555,0.875673,1.163105,3390939.636615
2020-09-30,11658.48,12065.82,9825.07,10778.22,210918.708829,8479.197,6278.3912,,9453.038562,8224.251699,58.607903,1228.786863,1019.319458,209.467406,8479.197,12805.399116,4152.994884,0.765709,1.020427,3180020.927786
2020-10-31,10780.83,14100.0,10380.0,13816.08,182294.479309,8980.433,6543.2978,,10124.275707,8638.461203,65.470647,1485.814504,1112.618467,373.196037,8980.433,13340.751282,4620.114718,1.054506,0.971071,3362315.407095
2020-11-30,13799.44,19864.15,13220.0,19700.19,288240.284237,9760.6385,6925.137,,11597.49329,9457.848521,74.343686,2139.644769,1318.023727,821.621042,9760.6385,15658.837396,3862.439604,1.342592,1.208568,3650555.691332
2020-12-31,19703.53,29300.0,17569.58,28992.79,256185.68359,10946.828,7491.0526,,14273.692784,10904.881223,82.146465,3368.811561,1728.181294,1640.630267,10946.828,20901.763212,991.892788,1.406383,1.81878,3906741.374922
2021-01-31,28999.63,42000.0,27734.0,33141.38,457460.829786,12176.537,8139.039,,17176.413894,12552.029281,84.423972,4624.384613,2307.421958,2316.962656,12176.537,25975.811726,-1622.737726,1.259636,2.266535,4364202.204708
2021-02-28,33110.32,58354.14,32333.01,45240.96,240350.583324,13900.58,9024.5322,,21494.036372,14973.431556,88.87961,6520.604816,3150.058529,3370.546286,13900.58,33819.933424,-6018.773424,1.286682,2.865974,4604552.788032
2021-03-31,45261.56,61781.83,45020.25,58782.58,157899.395198,16335.442,10180.904,,27230.735392,18218.553663,91.730681,9012.181728,4322.483169,4689.698559,16335.442,44138.931035,-11468.047035,1.263342,3.404069,4762452.18323
2021-04-30,58789.96,64895.22,47004.2,57775.27,139623.602284,18744.498,11312.5852,,31929.894562,21148.680799,89.884601,10781.213763,5614.229288,5166.984475,18744.498,51671.427171,-14182.431171,1.092688,3.513237,4622828.580947
2021-05-31,57790.66,59603.0,30066.0,37341.41,209751.849385,20196.646,12038.0072,,32762.435399,22348.142222,62.435005,10414.293177,6574.242066,3840.051111,20196.646,53709.222338,-13315.930338,0.755796,3.318628,4413076.731561
2021-06-30,37279.89,41341.57,28600.0,35037.23,144223.400194,21491.004,12711.7476,,33112.403799,23288.07465,60.202384,9824.329149,7224.259483,2600.069667,21491.004,55196.115492,-12214.107492,0.700952,3.136672,4268853.331368
2021-07-31,35059.71,42411.32,29296.39,41490.13,79968.049416,23187.977,13495.59,,34401.284753,24636.375046,64.076629,9764.909707,7732.389527,2032.52018,23187.977,57329.478095,-10953.524095,0.768034,2.944759,4348821.380784
2021-08-31,41489.16,50562.11,37300.0,47156.09,80596.17351,25187.3635,14389.402,,36363.562483,26304.50208,67.104708,10059.060404,8197.723703,1861.336701,25187.3635,60018.676623,-9643.949623,0.815359,2.765777,4429417.554294
2021-09-30,47118.02,52956.47,39573.21,43834.43,69842.360024,26912.6925,15208.9744,,37512.926717,27603.015259,63.713993,9909.911458,8540.161254,1369.750204,26912.6925,61849.079225,-8023.694225,0.742179,2.596276,4359575.194271
2021-10-31,43835.47,67016.5,43291.07,61359.44,79184.409966,29554.2775,16341.478,,41181.621068,30103.491166,71.807831,11078.129902,9047.754983,2030.374919,29554.2775,66464.352264,-7355.797264,0.930847,2.497782,4438759.604237
2021-11-30,61356.57,69000.0,53308.93,56974.12,72200.802933,32081.9265,17394.4386,,43611.236288,32093.908116,67.73624,11517.328172,9541.669621,1975.658551,32081.9265,69232.144853,-5068.291853,0.835021,2.315959,4366558.801304
2021-12-31,57027.28,59099.64,41967.5,46214.37,71896.379027,33961.279,18190.0418,,44011.718398,33139.868256,58.910157,10871.850142,9807.705725,1064.144417,33961.279,69960.339252,-2037.781252,0.670186,2.120006,4294662.422277
2022-01-31,46230.0,47989.0,32950.72,38491.92,71877.262417,35413.5655,18760.9268,,43162.518644,33536.316533,53.520008,9626.202111,9771.405002,-145.202891,35413.5655,69639.333841,1187.797159,0.544971,1.932919,4222785.15986
2022-02-28,38483.56,45850.0,34324.05,43178.98,57983.831084,37115.8665,19346.9064,,43165.051161,34250.587901,56.142901,8914.463259,9600.016654,-685.553394,37115.8665,69267.66569,4964.06731,0.594289,1.73251,4280768.990944
2022-03-31,43221.71,48234.0,37169.52,45517.27,57987.404933,38823.893,20054.2718,,43526.930982,35085.156945,57.433424,8441.774037,9368.36813,-926.594094,38823.893,68881.819901,8765.966099,0.611341,1.548424,4338756.395877
2022-04-30,45522.53,47458.48,37597.36,37639.8,44068.718261,40123.133,20600.7698,,42621.218523,35274.389764,51.893407,7346.828759,8964.060256,-1617.231497,40123.133,67497.893952,12748.372048,0.454642,1.364538,4294687.677616
2022-05-31,37638.78,40050.19,25401.05,31762.76,101068.011047,41172.36,21097.4526,,40950.686443,35014.269041,48.160924,5936.417402,8358.531685,-2422.114284,41172.36,65394.837403,16949.882597,0.305767,1.176638,4193619.666569
2022-06-30,31777.06,31962.79,17592.78,19924.89,108871.420367,41477.8005,21311.107,,37715.948528,33896.53726,41.660914,3819.411268,7450.707602,-3631.296334,41477.8005,64433.69345,18521.90755,0.030558,1.1069,4084748.246203
2022-07-31,19960.61,24676.0,18763.96,23322.53,72526.941481,41658.9175,21627.712,,35501.576447,33113.277463,43.997156,2388.298984,6438.225878,-4049.926894,41658.9175,63972.852904,19344.982096,0.089127,1.071268,4157275.187683
2022-08-31,23287.38,25212.0,19526.0,20059.0,48016.696954,41212.228,21901.1778,,33125.795455,32146.293947,42.247107,979.501508,5346.481004,-4366.979496,41212.228,64841.420056,17583.035944,0.052392,1.146708,4109258.490729
2022-09-30,20049.0,22781.0,18157.0,19425.0,69429.740009,40526.409,22135.1692,,31017.98077,31203.975877,41.898441,-185.995107,4239.985782,-4425.980889,40526.409,65792.320219,15260.497781,0.082413,1.246886,4039828.75072
2022-10-31,19419.0,21078.0,18183.0,20498.0,41421.326228,39289.261,22404.7822,,29399.52219,30410.940627,42.759458,-1011.418437,3189.704938,-4201.123375,39289.261,65898.022042,12680.499958,0.146897,1.354506,4081250.076948
2022-11-30,20493.0,21473.0,15479.0,17170.0,105516.73488,37208.632,22616.226,,27518.057238,29430.13021,40.742753,-1912.072973,2169.349356,-4081.422329,37208.632,63902.536555,10514.727445,0.124659,1.434823,3975733.342068
2022-12-31,17166.0,18373.0,16293.0,16528.0,55047.258348,35146.2685,22820.7206,,25827.279201,28474.416861,40.347421,-2647.13766,1206.051953,-3853.189613,35146.2685,61537.39496,8755.14204,0.147263,1.501788,3920686.08372
2023-01-31,16530.0,23954.0,16496.0,23127.0,66830.074961,34435.548,23203.8394,,25411.851632,28078.311909,46.133189,-2666.460277,431.549507,-3098.009784,34435.548,61313.045932,7558.050068,0.289628,1.561032,3987516.158681
2023-02-28,23134.0,25270.0,21376.0,23136.0,52376.321175,33840.4865,23592.6934,,25061.720611,27712.21473,46.140862,-2650.494119,-184.859218,-2465.6349,33840.4865,61161.669767,6519.303233,0.304099,1.614704,4039892.479856
2023-03-31,23146.0,29380.0,19569.0,28476.0,91021.630196,33189.78,24093.9512,,25586.994363,27768.791417,50.633816,-2181.797053,-584.246785,-1597.550268,33189.78,60370.757047,6008.802953,0.413289,1.637912,4130914.110052
2023-04-30,28476.0,31035.0,26981.0,29235.0,54259.113861,32293.7255,24602.824,,26148.226,27877.39946,51.256227,-1729.17346,-813.23212,-915.94134,32293.7255,58745.764222,5841.686778,0.442184,1.638215,4185173.223913
2023-05-31,29254.0,29851.0,25800.0,27219.0,56598.410014,31462.954,25065.2824,,26312.960461,27828.62913,49.472039,-1515.668668,-953.71943,-561.949238,31462.954,57452.617775,5473.290225,0.418353,1.65208,4128574.813899
2023-06-30,27220.0,31458.0,24756.0,30469.0,71466.220202,29918.432,25569.2824,,26952.35116,28024.212157,52.35156,-1071.860997,-977.347743,-94.513254,29918.432,51994.619265,7842.244735,0.51247,1.475758,4200041.034102
2023-07-31,30469.0,31818.0,28842.0,29231.0,42727.706876,28531.276,25982.9584,,27302.91252,28113.603849,51.155635,-810.691329,-944.016461,133.325131,28531.276,46789.252312,10273.299688,0.519162,1.279857,4157313.327226
2023-08-31,29221.0,30210.0,25350.0,25932.0,50175.380805,27517.1575,26286.3964,,27092.002901,27952.003564,48.008341,-860.000663,-927.213301,67.212638,27517.1575,43889.476766,11144.838234,0.45159,1.189972,4107137.946421
2023-09-30,25927.0,27486.0,24920.0,26966.0,40955.45868,26940.8615,26624.0096,,27072.61784,27878.966263,49.066069,-806.348423,-903.040326,96.691902,26940.8615,42519.566272,11362.156728,0.500807,1.156511,4148093.405101
2023-10-31,26965.0,35198.0,26533.0,34661.0,55244.789233,26514.9625,27125.3466,,28240.061249,28381.339132,56.206475,-141.277884,-750.687837,609.409954,26514.9625,40697.885039,12332.039961,0.787178,1.069805,4203338.194334
2023-11-30,34667.0,38457.0,34102.0,37719.0,47045.258261,26125.049,27713.7576,,29698.359518,29073.017715,58.685236,625.341803,-475.481909,1100.823712,26125.049,38511.966082,13738.131918,0.967992,0.948279,4250383.452595
2023-12-31,37731.0,44729.0,37628.0,42258.0,52986.957659,26355.959,28375.9162,,31630.6119,30049.68307,62.113082,1580.92883,-64.199761,1645.128592,26355.959,39726.036058,12985.881942,1.094688,1.014577,4303370.410253
2024-01-31,42258.0,49048.0,38505.0,42558.0,77911.640624,26895.721,29076.0628,,33311.748531,30976.225064,62.335512,2335.523466,415.744884,1919.778582,26895.721,41870.637213,11920.804787,1.02295,1.113554,4381282.050877
2024-02-29,42548.0,64000.0,41859.0,61161.0,60421.754651,28957.5265,30155.9156,,37596.248757,33212.134319,72.943318,4384.114438,1209.418795,3174.695643,28957.5265,49750.489731,8164.563269,1.274384,1.436101,4441703.805528
2024-03-31,61161.0,73794.0,59313.0,71285.0,90727.657322,31355.65,31395.0586,,42779.133563,36032.346592,76.776618,6746.786972,2316.89243,4429.894541,31355.65,58947.599915,3763.700085,1.223569,1.759935,4532431.46285
2024-04-30,71296.0,72756.0,59068.0,60632.0,62962.670571,33384.3,32437.1438,,45525.7284,37854.54314,66.155533,7671.185259,3387.750996,4283.434263,33384.3,63229.770183,3538.829817,0.95648,1.787994,4469468.792279
2024-05-31,60611.0,71958.0,56500.0,67477.0,50249.562384,35786.9,33658.261,,48902.847108,40048.799204,69.112266,8854.047904,4481.010378,4373.037526,35786.9,68362.230708,3211.569292,0.986413,1.820517,4519718.354663
2024-06-30,67513.0,71949.0,58456.0,62676.0,47883.580213,37895.8,34739.2346,,51021.793706,41724.888152,64.833977,9296.905555,5444.189413,3852.716141,37895.8,71677.703159,4113.896841,0.866767,1.782884,4471834.77445
2024-07-31,62676.0,70016.0,53550.0,64612.0,62820.7463,40267.9,35842.5508,,53112.594675,43420.22977,65.754587,9692.364904,6293.824511,3398.540393,40267.9,74554.177995,5981.622005,0.855012,1.702909,4534655.52075
2024-08-31,64612.0,65568.0,49577.0,58967.0,79689.038384,42389.85,36839.2316,,54013.272417,44571.84238,60.759852,9441.430037,6923.345616,2518.084421,42389.85,75777.765019,9001.934981,0.748251,1.575279,4454966.482366
2024-09-30,58967.0,66508.0,52546.0,63302.0,51789.118526,44398.6,37878.1368,,55442.30743,45959.261463,63.079207,9483.045967,7435.285687,2047.76028,44398.6,77743.235079,11053.964921,0.783455,1.502058,4506755.600892
2024-10-31,63331.0,73600.0,58867.0,70231.0,50183.885156,46753.35,39049.6568,,57717.490902,47757.168021,66.48873,9960.322881,7940.293125,2020.029756,46753.35,80409.378353,13097.321647,0.848788,1.439727,4556939.486047
2024-11-30,70202.0,99800.0,66798.0,96441.0,109139.407345,50151.6,40762.9124,,63674.95384,51363.377797,75.649188,12311.576043,8814.549709,3497.026334,50151.6,89055.276435,11247.923565,1.094923,1.551443,4666078.893392
2024-12-31,96471.0,108364.0,91315.0,93381.0,64130.818641,53358.9,42354.2108,,68245.114788,54475.794257,73.1356,13769.320531,9805.503873,3963.816658,53358.9,95294.616529,11423.183471,0.977184,1.571836,4601948.074752
2025-01-31,93347.0,109356.0,89164.0,102412.0,54258.23337,57118.55,44008.447,,73501.558667,58026.624312,75.701654,15474.934355,10939.38997,4535.544385,57118.55,102358.431717,11878.668283,1.000592,1.58407,4656206.308122
2025-02-28,102408.0,102754.0,78197.0,84321.0,46906.185773,59811.15,45115.0112,,75166.088103,59974.355844,62.767578,15191.732258,11789.858427,3401.873831,59811.15,104795.608126,14826.691874,0.772426,1.504216,4609300.122349
2025-03-31,84316.0,95152.0,76600.0,82538.0,54028.961296,62476.5,46102.9436,,76300.228394,61645.736893,61.649599,14654.491502,12362.785042,2291.706459,62476.5,106196.723442,18756.276558,0.72943,1.399573,4555271.161052
2025-04-30,82537.0,95857.0,74434.0,94181.0,49148.629039,65888.95,47081.7444,,79051.116334,64055.756382,65.918493,14995.359951,12889.300024,2106.059927,65888.95,108301.373248,23476.526752,0.833535,1.287391,4604419.790092
2025-05-31,94181.0,112000.0,93376.0,104646.0,36738.418204,69772.95,47999.0128,,82988.790744,67062.441095,69.233487,15926.349649,13496.709949,2429.6397,69772.95,111437.016045,28108.883955,0.918503,1.194276,4641158.208295
2025-06-30,104646.0,110587.0,98240.0,107179.0,27483.850145,73398.85,48987.0874,,86710.361399,70034.038051,69.99425,16676.323348,14132.632629,2543.690719,73398.85,114830.462386,31967.237614,0.907662,1.128944,4668642.05844
2025-07-31,107164.0,123236.0,105130.0,115750.0,41496.747723,77300.4,50555.2592,,91177.998107,73420.405602,72.474456,17757.592504,14857.624604,2899.9679,77300.4,119250.415225,35350.384775,0.958279,1.085376,4710138.806163
2025-08-31,115749.0,124517.0,107389.0,108269.0,48051.453156,80600.95,52019.8946,,93807.383013,76001.782965,67.249471,17805.600048,15447.219693,2358.380355,80600.95,121374.055521,39827.844479,0.839293,1.011728,4662087.353007
2025-09-30,108268.0,117968.0,107270.0,114065.0,46196.057796,84176.3,53471.392,,96923.939473,78821.280523,69.107718,18102.658949,15978.307544,2124.351405,84176.3,123493.331206,44859.268794,0.880099,0.934159,4708283.410803
2025-10-31,114079.0,126272.0,103530.0,109554.0,70012.311699,86595.95,54719.3502,,98867.025708,81097.778262,65.970367,17769.247445,16336.495524,1432.751921,86595.95,125905.934012,47285.965988,0.792013,0.907894,4638271.099104
2025-11-30,109554.0,111129.0,80537.0,90382.0,88160.271952,87550.8,55650.3016,,97561.637137,81785.498391,54.620917,15776.138746,16224.424169,-448.285423,87550.8,126249.762335,48851.837665,0.53658,0.884034,4550110.827152
2025-12-31,90369.0,94652.0,83814.0,87496.0,77464.690054,88894.0,56173.0328,,96013.077578,82208.49851,53.138903,13804.579067,15740.455148,-1935.876081,88894.0,125574.63771,52213.36229,0.480944,0.825267,4472646.137098
2026-01-31,87496.0,97939.0,75555.0,78635.0,80014.007215,89451.9,56606.2504,,93339.527181,81943.794917,48.764045,11395.732264,14871.510572,-3475.778307,89451.9,125138.536316,53765.263684,0.348446,0.797896,4392632.129883
2026-02-28,78644.0,79322.0,59930.0,66985.0,130934.800314,89667.35,57021.663,,89284.984538,80835.736034,43.673154,8449.248504,13587.058158,-5137.809654,89667.35,124751.718196,54582.981804,0.176746,0.782545,4261697.329569
2026-03-31,66982.0,76013.0,64955.0,68215.0,106447.768142,89847.5,57616.1246,,86043.448455,79900.866698,44.333922,6142.581757,12098.162878,-5955.581121,89847.5,124449.084169,55245.915831,0.187406,0.770229,4368145.097711
2026-04-30,68215.0,79500.0,65696.0,76310.0,39305.00313,90714.65,58278.745,,84545.994847,79634.876573,48.606934,4911.118274,10660.753957,-5749.635683,90714.65,122966.681807,58462.618193,0.276686,0.711066,4407450.10084
2026-05-31,76310.0,82833.0,72394.58,73567.99,27550.934557,91227.9495,58839.7594,,82857.071024,79185.477567,47.282943,3671.593457,9262.921857,-5591.3284,91227.9495,122011.883037,60444.015963,0.213163,0.674879,4379899.166283
2026-06-30,73568.0,73984.48,58035.28,58526.17,54735.208344,90642.708,59257.4868,,79113.855482,77655.158488,40.728952,1458.696994,7702.076884,-6243.379891,90642.708,123383.927165,57901.488835,0.00954,0.722424,4325163.95794
2026-07-31,58526.63,66920.74,57734.63,62817.96,30057.098713,88961.556,59878.5908,,76606.794639,76556.106748,43.150273,50.68789,6171.799086,-6121.111195,88961.556,123729.380586,54193.731414,0.124026,0.781637,4355221.056653
2026-08-31,62817.96,81454.98,62216.0,78447.16,54932.662953,88214.864,61049.0362,,76889.927771,76696.184767,51.000536,193.743004,4976.187869,-4782.444865,88214.864,123211.658686,53218.069314,0.360449,0.793444,4410153.719605
